tag_id,content
0,Accenture
1,actionsports
2,Adidas
3,Adobe
4,aerobics
5,AliExpress
6,Allegro
7,Allianz
8,Amazon
9,AmazonUS
10,American_Express
11,Americanas
12,Apple
13,archer
14,athlete
15,athletics
16,Audi
17,AXA
18,axel
19,ball
20,Bandcamp
21,Barnes_and_Noble
22,base
23,baton
24,batting
25,BestBuy
26,BMW
27,bobsleigh
28,boxer
29,boxing
30,branding
31,Budweiser
32,Burberry
33,business
34,canoeing
35,Canon
36,Cartier
37,catch
38,catcher
39,Caterpillar
40,Cisco
41,Citi
42,coach
43,Coca-Cola
44,Colgate
45,compete
46,competing
47,Conforama
48,content
49,Corona
50,Coupang
51,croquet
52,cycling
53,Dafiti
54,Danone
55,Darty
56,DHL
57,digitalmarketing
58,Dior
59,Discogs
60,Discovery
61,Disney
62,dive
63,diver
64,dropshipping
65,dugout
66,easports
67,easportsfifa
68,eBay
69,eBaydeal
70,ecommercebusiness
71,entrepreneur
72,equipment
73,esports
74,Etsy
75,extremesports
76,Facebook
77,Farfetch
78,fashion
79,FedEx
80,fielder
81,fielding
82,fila
83,Flipkart
84,Fnac
85,Ford
86,freethrow
87,frisbee
88,GE
89,Gillette
90,GittiGidiyor
91,Gmarket
92,goalie
93,Goldman_Sachs
94,goldmedal
95,golfer
96,Google
97,guard
98,Gucci
99,gymnasium
100,gymnastics
101,H&M
102,hardball
103,Harley-Davidson
104,Heineken
105,Hermes
106,Hewlett_Packard_Enterprise
107,hitter
108,home
109,homerun
110,Honda
111,hoop
112,horseshoes
113,Houzz
114,HP
115,HSBC
116,Huawei
117,huddle
118,Hyundai
119,IBM
120,icerink
121,iceskates
122,IKEA
123,infield
124,infielder
125,instagram
126,instasports
127,Intel
128,iPrice
129,J.P.Morgan
130,Jack_Daniel's
131,jaialai
132,John_Deere
133,Johnnie_Walker
134,Johnson&Johnson
135,jump
136,kayaker
137,Kellogg's
138,KFC
139,Kia
140,kingfu
141,kite
142,lacrosse
143,Lamoda
144,Land_Rover
145,Lazada
146,Lego
147,Lenovo
148,Linio
149,longjump
150,LOREAL
151,LouisVuitton
152,MAG
153,mallet
154,ManoMano
155,marketing
156,marketingdigital
157,MasterCard
158,mat
159,McDonald's
160,Mercado_Libre
161,Mercedes_Benz
162,Microsoft
163,Mini
164,Moet&Chandon
165,Morgan_Stanley
166,motorsports
167,movement
168,MTV
169,Myntra
170,Nescafe
171,Nestle
172,Newegg
173,Nike
174,nikesportswear
175,Nissan
176,offense
177,olympics
178,online
179,onlinebusiness
180,onlineshop
181,onlineshopping
182,onlinestore
183,Oracle
184,OTTO
185,Overstock
186,Ozon
187,paddle
188,paintball
189,Pampers
190,Panasonic
191,PayPal
192,PayPay_Mall
193,Pepsi
194,Philips
195,pitch
196,playing
197,pole
198,polevault
199,Porsche
200,Poshmark
201,Prada
202,race
203,racer
204,racket
205,Rakuten
206,RalphLauren
207,Reverb
208,Revolve
209,ride
210,rink
211,row
212,rugby
213,runner
214,Samsung
215,Santander
216,SAP
217,scuba
218,Sears
219,Shell
220,Shopee
221,shopify
222,shopping
223,Siemens
224,skate
225,skeleton
226,skier
227,skiing
228,sledder
229,smallbusiness
230,Smirnoff
231,Snapdeal
232,snowboard
233,socialmedia
234,socialmediamarketing
235,Sony
236,Souq
237,sport
238,sports
239,sportsbar
240,sportsbetting
241,sportsbra
242,sportscar
243,sportscenter
244,sportsday
245,sportshoes
246,sportsman
247,sportsmassage
248,sportsnews
249,sportsnutrition
250,sportsperformance
251,sportsphotography
252,sportster
253,sportstyle
254,sportswear
255,Sprite
256,stadium
257,Starbucks
258,startup
259,strike
260,Submarino
261,surfing
262,swim
263,swimmer
264,swimming
265,taekwondo
266,tag
267,Taobao
268,Target
269,Tesla
270,tetherball
271,ThomsonReuters
272,throw
273,Tiffany&Co
274,Tmall
275,Tokopedia
276,Toyota
277,trampoline
278,trendyol
279,triathlete
280,triathlon
281,umpire
282,unicycle
283,UPS
284,Visa
285,Volkswagen
286,waterpolo
287,watersports
288,Wayfair
289,webdesign
290,website
291,weights
292,windsurfer
293,winning
294,wintersports
295,wrestler
296,Xerox
297,youthsports
298,Zalando
299,Zara
300,waffles
301,TelAvivIsrael
302,whitecoat
303,ShakespeareSunday
304,reetexam
305,Sparkle
306,sportsscience
307,ClimateAction
308,RohitShetty
309,galaxya52
310,vaporwave
311,freshonion
312,EarbudsCase
313,ZFold3
314,consciously
315,T20WorldCup
316,INDIA
317,Australian
318,iedm2021
319,stunningbag
320,FIFA
321,realydigital
322,fashionmen
323,sewingmachine_repair
324,WhatsHappeningInMyanmar
325,math
326,homedecoration
327,Hospital
328,vogueteam
329,happiest
330,itsmylife
331,England
332,cash
333,instafashion
334,Github
335,skulls
336,architecture
337,lenses
338,IndianExpress
339,instajokes
340,iheartradiopodcast
341,gameboy
342,beautymakeup
343,backpack
344,MedalCount
345,reviewer
346,worknationspace
347,dublin
348,Comic
349,Kickstarter
350,socialenvy
351,styleoftheweek
352,gadget
353,GraphicDesign
354,FoldablePhones
355,thrifting
356,credit
357,throne
358,affiliatemarketer
359,jeans
360,YouTubeShorts
361,madeincanada
362,haircare
363,Sephora
364,Manufacture
365,GentleLeader
366,bestcollege
367,SunnyDeol
368,Westwood
369,blogging
370,Sportlegends
371,Smile
372,replay
373,event
374,Scopus
375,guitar
376,domainbroker
377,bountyhunter
378,InstagramMusic
379,YourFocusedDrivenDay
380,loveit
381,DoubleTaxation
382,8YearsOfATGChennaiExpress
383,soda
384,cruiseship
385,newtwitterbanner
386,talentacquisition
387,FlyNHighWorldwide
388,juvenile
389,Yamaha
390,PilatesonFifth
391,launch
392,amazonfraud
393,wardrobe
394,Lemons
395,Zambia
396,literature
397,tnpsc_coaching
398,student
399,fossilfuel
400,cello_concert
401,Raptors
402,SmartMoneyTactics
403,travelphotography
404,PacerShop
405,bondibeach
406,letsgetlost
407,Barrel
408,MagentaGold
409,house
410,bargains
411,Crossstitch
412,GalaxyNote20
413,Missionary
414,board
415,rejoice
416,peaceandlove
417,clothingformen
418,worldwide
419,BigTechCompanies
420,dolceandgabbana
421,yougottobekidding
422,MargotRobbie
423,watchoftheday
424,womenwear
425,TopCollege
426,social
427,virtualassistant
428,Strava
429,vintagejewelry
430,grey
431,Clock
432,bikes
433,Painting
434,LongBeach
435,FlashbackFriday
436,Tarafashion
437,SaturdayNightDinner
438,players
439,square
440,Nigeria
441,meanstreetpicks
442,Illustrator
443,Spain
444,Drivers
445,lowtopsneakers
446,followformore
447,zazzlemade
448,Exynos2200
449,Lymington
450,businessadvice
451,cyclist
452,musician
453,solutions
454,madonnafamily
455,Algorithms
456,WWEMoneyInTheBank
457,Exynos9820
458,NDTV
459,arquitetura
460,chloechuaviolinist
461,StandWithSmall
462,dislike
463,physique
464,IndiaTodayAtOlympics
465,Zuckerberg
466,shooting
467,bibleverses
468,pokemon
469,sales
470,passiveincome
471,engagement
472,Hairstyle
473,DisneyParks
474,DiscoverTips
475,Vietnam
476,IggyAzalea
477,AatmanirbharBharat
478,manufacturers
479,neuroscience
480,Seniors
481,edition
482,TommieSmith
483,adapt
484,samepagebutdiffrent
485,surf
486,DawnStaley
487,Strengths
488,GrabYourContent
489,Northeast
490,summerfashion
491,LiliumCosmetic
492,OurGodIsAHealer
493,meltingpot
494,urbanclothing
495,style
496,Irregular
497,FAQS
498,businesstip
499,EstadoDeMexico
500,REALITY
501,quotesoflife
502,survivor
503,batman
504,discounts
505,headofcauliflower
506,domainnames
507,singing
508,ILLNESS
509,diabetes
510,penportrait
511,freeagency
512,islam
513,Sanditon
514,mobiledata
515,KashmirLovesGreen
516,angel
517,dope
518,Netherlands
519,BrooklynnSummer
520,swords
521,fashiondesign
522,injury
523,Yourlove
524,casualstyle
525,beers
526,iPad
527,EcommerceTutorial
528,motivating
529,pendant
530,fluffy
531,MondayMotivaton
532,artistsoninstagram
533,Innovators
534,googleindia
535,PlayBold
536,pre_weddingshoot
537,Sandals
538,JohnCarlos
539,IGTV
540,DonorsChoose
541,ProjectManager
542,monochrome
543,shoesaddict
544,SundayFunday
545,Collectibles
546,DigitalCommerce
547,catstyle
548,hardcase
549,customer
550,selfemployed
551,profits
552,sportsinjury
553,picsart
554,facebooklive
555,trendingfashion
556,Ethiopian
557,viraltechnews
558,PowerBI
559,NFTartists
560,rainyday
561,DisneysAllStarResort
562,Vanille
563,HwasaWeLoveYou
564,MAGAZINE
565,music
566,electricmotors
567,subscriber
568,social_media
569,NFLHallofFame
570,coolestmart
571,youtubechannel
572,ChungHa
573,Fashionista
574,Sustainable
575,Heattech
576,reelsindonesia
577,goodyear
578,kungfumaster
579,tweet
580,StartUpInRetail
581,wirelesschargers
582,Scotland
583,LadyGaga
584,lofi
585,Pitbull
586,WordPress
587,BTSJUNGKOOK
588,NorthDakota
589,keycase
590,earnmoneyonline
591,Galaxy
592,sportsbets
593,Handmade
594,theta
595,phones
596,PitaPower
597,AugmentedReality
598,bestpuppy
599,hmall
600,Chelsea
601,Karate
602,Ehlers??anlos
603,audience
604,WorldFamilyCoin
605,brochure
606,ebooks
607,ItaliaTeam
608,Halloween
609,glassesmakeup
610,DeaconEythan
611,cornerback
612,halloween_costumes
613,mountain
614,clothes
615,heart
616,RedForKashmir
617,happylife
618,sadlife
619,unfollowing
620,union
621,educational
622,tshirtcustom
623,petersenmuseum
624,cattle
625,interestingfacts
626,outfitinspo
627,venmo
628,NBCSports
629,korean
630,iphonecharger
631,CellPhone
632,spirituality
633,planning
634,Onlyfans
635,fantasycricket
636,Lusaka
637,ironman
638,SponsorshipSunday
639,uitrends
640,Cancer
641,feedly
642,fashioncollapse
643,socialnetwork
644,Artist100
645,callofduty
646,Pandemic
647,MercedesMaybach
648,Buy_Zillow_Reviews
649,wordpressblogger
650,rockabilly
651,StanleyCup
652,artshare
653,ThermalSoundwaves
654,Insiders
655,newstart
656,LeEpicMoment
657,Desktop
658,phoenix
659,techwear
660,Rockabill
661,FEROZA
662,contentmarketing
663,giftsforkids
664,docmartin
665,sneakers
666,happysunday
667,staywithus
668,informatica
669,Searchconsoleerror
670,feelgood
671,savemoney
672,SamsungGalaxyTabS7FE
673,digitalfashion
674,TAEYANGxFENDI
675,fashionistas
676,SOSCuba
677,email
678,drawing
679,Hyuna
680,catalunya
681,rights
682,websitedevelopment
683,gaming
684,Bluetoothchargers
685,instalove
686,fantasyleague
687,truth
688,samsungassistant
689,pubs
690,CoinDCX
691,EPMD
692,minimalistaccessories
693,miniaturegolf
694,canonphotography
695,headphones
696,NeoQLED
697,cute
698,snow
699,Atlanta
700,NCTU
701,NickiMinaj
702,GTA6
703,lacoste
704,quality
705,looksgoodonyou
706,ProductAmazon
707,WhatsYourChic
708,Mars
709,1960s
710,1970s
711,GRAPHICNOVELS
712,notebook
713,face
714,voice
715,eduction
716,hell
717,1980s
718,PleaseVote
719,patriots
720,investing
721,bets
722,gothic
723,videography
724,CustomPrintedBabyOnePieces
725,SportsPanorama
726,ohio
727,Dresses
728,StrayKids
729,Brexit
730,mondaymonday
731,graduate
732,OldTestament
733,Tobacco
734,mondayvibes
735,handmadewithlove
736,GalaxyA52s
737,worship
738,selfdefense
739,SundayNightDinner
740,Monarchy
741,Messi
742,bloggerstyle
743,Eswatini
744,Rwanda
745,BackToTheFuture
746,livingroom
747,Americans
748,aftereffects
749,nailstyle
750,rubylane
751,vibes
752,IndianNews
753,UPUCongress2021
754,favorite
755,artoftwitter
756,Telecoms
757,musicartist
758,losangelesphotographer
759,immigration
760,GoshenCity
761,Driggs
762,GodHeals
763,aircanada
764,promotions
765,fashionaccesories
766,sportsoulnow
767,Systimax
768,BeatThoseBooks
769,ElectronicsSpace
770,Sweat
771,suspense
772,phoytooftheday
773,goodkarma
774,silvercharms
775,sand_art
776,goods
777,indianarmy
778,WaterResistant
779,memesmarketing
780,LiveLoveLincoln
781,urban
782,loveyou
783,tradition
784,psychology
785,Syrian
786,Olympian
787,bookcover
788,alexandermcqueen
789,funnymonster
790,shoponline
791,bagsforsale
792,vector
793,elliottwave
794,LeeJaeyoung
795,dailyart
796,youtubevideos
797,beili_makeup_brushes
798,CivilDiscourse
799,cardboard
800,TokyoOlympics
801,girlsDresses
802,soaps
803,DataScience
804,JamesBarnor
805,Muse
806,Fleischmann
807,HostingInfo
808,teamwork
809,CDplayer
810,makemestrong
811,eventdesign
812,foodblogger
813,affiliated
814,cosmetics
815,toys
816,facebookdisabledme
817,readitagain
818,facebookadsmarketing
819,purses
820,medals
821,AcademicTwitter
822,flashdrives
823,badhairday
824,beyourownboss
825,COVID19India
826,Animals
827,ebook
828,bettingtips
829,LeonelMessi
830,transparency
831,Yankees
832,queen
833,billionaire
834,HeyTwitter
835,GameCoinAthlete
836,summerstyle
837,reelsinstagram
838,wellness
839,bizitalk
840,DunnsvilleFiesta
841,PacersShop
842,BigTVDays
843,copypaste
844,unity
845,suspicious
846,instalike
847,HotDeals
848,sewingpattern
849,components
850,TRENDINGNOW
851,inferno
852,londonstreetstyle
853,Haircut
854,natural
855,sportscards
856,NashvilleTN
857,shoppingaddict
858,EastAfrica
859,OUTFIT
860,HorrorMovies
861,Lvoe
862,thegreenbughatti
863,partysupplies
864,fabricnecktie
865,BurgerKing
866,remoteworking
867,southcoast
868,wildlife
869,Starships
870,Sunday
871,ThisGoingBeGood
872,hairclip
873,webresearch
874,BlackArtist
875,salon
876,pcbfabrication
877,marketer
878,processor
879,findyourthing
880,screenprotector
881,SBEVBaseball
882,retailoutlet
883,BillieEilish
884,nailsart
885,FoxNews
886,fashionoverdreams
887,Ethiopians
888,hairspray
889,TheCapturing
890,exportcouncil
891,Avatar
892,banana
893,rocktheboat
894,vsco
895,socialnetworks
896,Marriott
897,ThematicInvesting
898,Warehouses
899,bullet
900,Singapore
901,earphones
902,AirPods
903,SecondBest
904,chineseactor
905,Focus
906,pottery
907,DanielBrummitt
908,RealLife
909,Reporters
910,CAIT
911,college
912,beyourself
913,instatravel
914,RemoteUS
915,weekenderbag
916,rescue_ropeleads
917,WebDevelopment
918,fact
919,fashiondaily
920,tuesdaymotivations
921,newmodel
922,chapter
923,instanews
924,instafamous
925,mondaythoughts
926,gift
927,avatars
928,trainer
929,Hairstylists
930,bettingexpert
931,onlyfan
932,Paralympics
933,Majorkeyclothing
934,freelancing
935,australianTV
936,Streamer
937,webdevelopmentcompany
938,mashups
939,handbag
940,FijiMuseum
941,cartoons
942,bestsellers
943,cashless
944,youth
945,Community
946,GoFundMe
947,NickSaban
948,Success
949,viralphoto
950,AntiVaccine
951,LifeLessons
952,Metal
953,earrings
954,sound
955,BlueJays
956,Tourmaline
957,exsercises
958,exclusiveearrings
959,AnushkaSen
960,IZONE
961,rolexsubmariner
962,Hindi
963,AmazonPrimeDay
964,mind_control
965,washable
966,shoesale
967,GreenForKashmir
968,LAGalaxy
969,webagency
970,onassignment
971,partytime
972,newvideo
973,Ecobubble
974,Romance
975,wallet
976,17DK_Fashion
977,perfectlifestyle
978,posts
979,Sanditalians
980,Stripe
981,interaction
982,bestselling
983,PLATINUM
984,filmmaking
985,voiceassistants
986,apparel
987,kpop
988,opal
989,hockeyindia
990,unicorn
991,exploretalent
992,author
993,cobra
994,funnel
995,ChooseYourStyle
996,vispansolutions
997,miniskirt
998,blessed
999,Mnet
1000,vanityfair
1001,Supplychain
1002,verified
1003,GabrielleUnion
1004,fashionmag
1005,mobile
1006,suncatchers
1007,New_Technologies
1008,Handicraft
1009,underwearmodel
1010,HorseRacing
1011,instadaily
1012,showbiz
1013,necklaces
1014,OotdStyle
1015,AWSLambda
1016,retrogaming
1017,Zflip
1018,EditorChoice
1019,KeepCalm
1020,superblings
1021,internetmarketing
1022,JewelryOnEtsy
1023,Pennsylvania
1024,globalsolutions
1025,Wild
1026,Cargo
1027,twitterteacher
1028,movie
1029,colleges
1030,Textbook
1031,twiitershopmodule
1032,insects
1033,urbanfashion
1034,Rubellite
1035,trip
1036,Chain
1037,styles
1038,IMPACTWrestling
1039,Accident
1040,BacktoSchool2021
1041,WrestlingCommunity
1042,digitalcollage
1043,handbags
1044,SummerLeague
1045,chic
1046,ios15
1047,USAmateur
1048,businesscard
1049,novelty
1050,instagramdown
1051,August
1052,establishmentmedia
1053,KevinSamuels
1054,necktie
1055,pcbdesign
1056,explorer
1057,punk
1058,FinalFantasy7Reboot
1059,womensleggings
1060,Sonymusic
1061,Film
1062,funniesttweets
1063,TokyoRewind
1064,techtensor
1065,Blog
1066,leadership
1067,tablet
1068,cyberattack
1069,backpacks
1070,twitchcommunity
1071,fashionshoes
1072,outdoor
1073,SanctionPakistan
1074,outlet
1075,lifeofadventure
1076,instafollow
1077,Weakness
1078,characterdesign
1079,TwitchTVGaming
1080,BeDifferent
1081,BIGBANG
1082,BUDGET
1083,girlboss
1084,shinyhair
1085,GooglePhotos
1086,popups
1087,fbclondon
1088,golfslam
1089,newrelease
1090,tennis
1091,balticpride2021
1092,NewYorkForever
1093,gadgetslover
1094,beadedjewelry
1095,fever
1096,proud
1097,montreal
1098,winniepooh
1099,FashionRevolution
1100,FinTech
1101,balls
1102,weibo
1103,funnycat
1104,Innovation
1105,formercricketplayer
1106,Seersucker
1107,ChargingSystem
1108,Timepiece
1109,PanamaCity
1110,parenthood
1111,religion
1112,exploremore
1113,Canyon
1114,tweetmeme
1115,IrishTheatreThisWeek
1116,trustedonlineshop
1117,geolocation
1118,Construction
1119,CloudComputing
1120,sealife
1121,100DaysOfElectronics
1122,Softex
1123,SamsungGalaxyS21FE
1124,short
1125,food
1126,celebrateMonday
1127,keith_haring
1128,clarksville
1129,electricity
1130,summit2019
1131,myfirstTweet
1132,PositiveEnergy
1133,ConnectingGreenTalent
1134,Logitech
1135,Concerts
1136,giftideas
1137,VirtualPhotography
1138,gladiator
1139,DigitalTransformation
1140,PremierLeague
1141,Kollywood
1142,luxurious
1143,freelancers
1144,sanapur_lake
1145,hairgoals
1146,ChangeYourLife
1147,UNPROFESSIONAL
1148,Twitter_Followers
1149,Confidence
1150,character
1151,WaveisSafe
1152,appliances
1153,February
1154,Durham_Univ
1155,RedSoxNation
1156,endbullying
1157,finland
1158,partnerships
1159,Toronto
1160,daily
1161,makeinindia
1162,crash
1163,art_monetization
1164,currentaffairs
1165,HGTV
1166,twittercircle
1167,weirdkids
1168,forever
1169,homebusiness
1170,thesportsfeed
1171,Visionaire
1172,oportunity
1173,ring
1174,raspberrypi
1175,teespringshirts
1176,DavidMeister
1177,yogamats
1178,cafe
1179,Baltimore
1180,FlipTheSwitch
1181,casino
1182,Volleyball
1183,OprahWinfrey
1184,bypass
1185,pro_wrestling
1186,celebrity
1187,americanfootball
1188,besties
1189,macrophotography
1190,teespringcampaign
1191,CoCo_Chanel
1192,graphicdesigner
1193,freelancer
1194,Lagos
1195,career
1196,VivienneWestwood
1197,London
1198,gems
1199,shoppingonline
1200,mentalbreakdown
1201,Philanthropists
1202,SamsungGalaxyBuds2
1203,versatile
1204,Photo
1205,korektel
1206,Packages
1207,FabulousFinds
1208,bloggingcommunity
1209,rare
1210,louisvuttonbag
1211,HowThingsWork
1212,naildesign
1213,Timekeeper
1214,fence
1215,doglove
1216,consistency
1217,successquotes
1218,2021fashion
1219,CancelCulture
1220,inspire
1221,fashionstyles
1222,technology
1223,Logisticsfacts
1224,IndiasPlayingMillions
1225,Research
1226,Suspenders
1227,jewelrysets
1228,semiconductormanufacturing
1229,shirtsformen
1230,Born_Cages
1231,Internet
1232,sportsevents
1233,redland
1234,GreenJeans
1235,funnytweets
1236,hustle
1237,seomarketingstrategy
1238,BoaNoite
1239,potato_chips
1240,shopoddities
1241,popular
1242,petite_size
1243,media
1244,HateSpeech
1245,Engineer
1246,kawaii
1247,teamspirit
1248,aquashoes
1249,outfitinspiration
1250,bridalhair
1251,Wristwatches
1252,Olympics2024
1253,Parfum
1254,Courage
1255,Livemusic
1256,luxurylifestyle
1257,crocs
1258,footpain
1259,BaguioCity
1260,AmazonKey
1261,dogs
1262,Keyrings
1263,Network
1264,shipments
1265,Barcelona
1266,freedomofspeech
1267,VideoViral
1268,Chemical
1269,alphabetnecklace
1270,Sketching
1271,ThePremiere
1272,Kashmiri
1273,wardphonesolutions
1274,lastmiledelivery
1275,InfinityMissionFocus
1276,reddit
1277,KerenaNicoleLLC
1278,etsystore
1279,orderonline
1280,fashionhero
1281,nintendo3ds
1282,RestoreOldPension
1283,GraciasMessi
1284,Metallic
1285,ethics
1286,sketchbook
1287,comedy
1288,Migos
1289,color
1290,Matlab
1291,crisismanagement
1292,chronicpain
1293,marathons
1294,Maryland
1295,pandemiclife
1296,Resort
1297,digitalmarketingtips
1298,artofstreetstyle
1299,AppleWatch
1300,lovequotes
1301,autismawareness
1302,personalized
1303,socialproof
1304,fitnessgoals
1305,Varsityjackets
1306,retailers
1307,Prince_Naveen
1308,youtuber
1309,SolarSystem
1310,words
1311,cafehopping
1312,interesting
1313,forest
1314,amateurphotography
1315,Uygur
1316,Italia
1317,security
1318,noodles
1319,texts
1320,bandana
1321,bridesmaids
1322,Irish
1323,vintagebags
1324,NikeEmployees
1325,gaintrick
1326,constitution
1327,LeagueCity
1328,tuesdaymorning
1329,SanAntonioTexas
1330,LVMenFW20
1331,logodesigner
1332,Cleveland
1333,NCAAM
1334,Warners
1335,marineparts
1336,metrofashion
1337,ballpenart
1338,covid19
1339,DuchessofCambridge
1340,Arduino
1341,anime
1342,alibaba
1343,indianjewellery
1344,ValentinoRomanPalazzo
1345,Maldives
1346,phoneaccessories
1347,3dcharacter
1348,womensfashion
1349,womenfashionwear
1350,AdsExpert
1351,fame
1352,lemonade
1353,yogalove
1354,tshirtlovers
1355,white_tshirt
1356,visitthewebsite
1357,fantastic
1358,5stars_hotel
1359,Europe
1360,Japan
1361,crewlife
1362,PersonalCare
1363,NFLsunday
1364,MousePad
1365,paparazzi
1366,swan
1367,eyewear
1368,FCBarcelona
1369,DisruptiveFineArt
1370,powerboats
1371,conspiracytheory
1372,memories
1373,MazdaMotor
1374,exityourway
1375,discountcode
1376,jewelryimages
1377,skytouch_entertainment
1378,SylvesterStallone
1379,LePure
1380,jewlery
1381,trendy
1382,Brooklyn
1383,worldcup
1384,originalart
1385,feature
1386,JaneDeLeon
1387,bird
1388,streetfashion
1389,compassionate
1390,makeupbag
1391,SportemonGo
1392,prayer
1393,snsdesignthinkers
1394,hacker
1395,Circus
1396,BigTech
1397,Seventeen
1398,wewillbeback
1399,fake
1400,1940s
1401,AnanyaPanday
1402,Hiphop
1403,northernareas
1404,buyandroll
1405,facebookjob
1406,painter
1407,EarlyMusic
1408,fanart
1409,ChristinaAguilera
1410,likeforlikes
1411,generalknowledge
1412,DigitalTwin
1413,evidence
1414,CaelebDressel
1415,OpenSea
1416,motherboard
1417,ThisIsCanada
1418,healthylife
1419,goodtimes
1420,Nairobi
1421,PancakeSwap
1422,XLARGE
1423,EternalLife
1424,GalaxyTabA7Lite
1425,district
1426,trueHD
1427,bitcoincash
1428,fitnesstracker
1429,Tottenham_vs_Arsenal
1430,Nodejs
1431,craftearrings
1432,poetry
1433,drawingtablet
1434,STOPILLEGALISRAELIDEMOLITIONS
1435,journalism
1436,love
1437,melodic
1438,advertisers
1439,fashionquote
1440,bestofsevensportstalk
1441,jewelrydesigner
1442,summertime
1443,jonbonjovi
1444,Hyunah
1445,copywriting
1446,GalaxyM51
1447,galaxynote8
1448,Cafe24
1449,iphone7case
1450,Robotic
1451,Silk
1452,goodbye
1453,smoke
1454,AmyAdams
1455,dailydrawing
1456,linkedln
1457,weltbetsport
1458,siteseeing
1459,goldencharm
1460,sticker
1461,cold
1462,loveyouall
1463,clean
1464,zodiac
1465,aerial
1466,VoiceSearch
1467,Competitions
1468,Solar
1469,animalcruelty
1470,SellYourTextbooks
1471,privatehospitals
1472,puma
1473,podcasts
1474,highheels
1475,generations
1476,positivemindsetclothing
1477,additional
1478,Swarovski
1479,Nikon
1480,EarlyBiz
1481,FlashSale
1482,CherryBlossoms
1483,carcharms
1484,Tanzanite
1485,StayTuned
1486,SteveCarell
1487,GoodEvening
1488,samsungmusic
1489,headless
1490,COVID
1491,mindfulness
1492,Happynewyeargreating
1493,Chairman
1494,monkey
1495,madonnafans
1496,rich
1497,heeloftheday
1498,doglovers
1499,UIdesign